<?xml version="1.0" encoding="UTF-8"?>
<FlexiPage xmlns="http://soap.sforce.com/2006/04/metadata">
    <flexiPageRegions>
        <itemInstances>
            <componentInstance>
                <componentName>leaveManagementSystem</componentName>
                <identifier>c_leaveManagementSystem</identifier>
            </componentInstance>
        </itemInstances>
        <name>main</name>
        <type>Region</type>
    </flexiPageRegions>
    <masterLabel>Leave Management Page</masterLabel>
    <template>
        <name>runtime_commerce_oci:homeTemplateOneRegion</name>
    </template>
    <type>HomePage</type>
</FlexiPage>
