<?xml version="1.0" encoding="UTF-8"?>
<CustomField xmlns="http://soap.sforce.com/2006/04/metadata">
    <fullName>Leave_Type__c</fullName>
    <externalId>false</externalId>
    <label>Leave Type</label>
    <required>true</required>
    <trackTrending>false</trackTrending>
    <type>Picklist</type>
    <valueSet>
        <restricted>true</restricted>
        <valueSetDefinition>
            <sorted>false</sorted>
            <value>
                <fullName>Planned Leave</fullName>
                <default>false</default>
                <label>Planned Leave</label>
            </value>
            <value>
                <fullName>Sick Leave</fullName>
                <default>false</default>
                <label>Sick Leave</label>
            </value>
            <value>
                <fullName>Unpaid Leave</fullName>
                <default>false</default>
                <label>Unpaid Leave</label>
            </value>
        </valueSetDefinition>
    </valueSet>
</CustomField>
