<?xml version="1.0" encoding="UTF-8"?>
<CustomField xmlns="http://soap.sforce.com/2006/04/metadata">
    <fullName>Remaining_Leaves__c</fullName>
    <externalId>false</externalId>
    <formula>Total_Allocated__c  -  Total_Consumed__c</formula>
    <formulaTreatBlanksAs>BlankAsZero</formulaTreatBlanksAs>
    <label>Remaining Leaves</label>
    <precision>18</precision>
    <required>false</required>
    <scale>0</scale>
    <trackTrending>false</trackTrending>
    <type>Number</type>
    <unique>false</unique>
</CustomField>
