<?xml version="1.0" encoding="UTF-8"?>
<CustomApplication xmlns="http://soap.sforce.com/2006/04/metadata">
    <brand>
        <headerColor>#0070D2</headerColor>
        <shouldOverrideOrgTheme>false</shouldOverrideOrgTheme>
    </brand>
    <description>For LWC Testing Purpose</description>
    <formFactors>Small</formFactors>
    <formFactors>Large</formFactors>
    <isNavAutoTempTabsDisabled>false</isNavAutoTempTabsDisabled>
    <isNavPersonalizationDisabled>false</isNavPersonalizationDisabled>
    <isNavTabPersistenceDisabled>false</isNavTabPersistenceDisabled>
    <label>LWC App</label>
    <navType>Standard</navType>
    <tabs>standard-Account</tabs>
    <tabs>standard-Event</tabs>
    <tabs>standard-Case</tabs>
    <tabs>standard-Campaign</tabs>
    <tabs>standard-Feed</tabs>
    <tabs>standard-Contact</tabs>
    <tabs>standard-Dashboard</tabs>
    <tabs>standard-Customer</tabs>
    <tabs>standard-CmsAuthorHome</tabs>
    <tabs>standard-home</tabs>
    <tabs>standard-AnalyticsDataManager</tabs>
    <tabs>standard-Opportunity</tabs>
    <tabs>Leave_Requests__c</tabs>
    <tabs>User_Leaves__c</tabs>
    <uiType>Lightning</uiType>
    <utilityBar>LWC_App_UtilityBar</utilityBar>
</CustomApplication>
